device_id,platform
9651,Windows
9652,Windows
9653,Windows
9654,Windows
9655,macOS
9656,Windows
9657,iOS
9658,Android
9659,Android
9660,iOS
9661,Windows
9662,Android
9663,Windows
9664,Android
9665,macOS
9666,Windows
9667,Windows
9668,Windows
9669,macOS
9670,Windows
9671,Linux
9672,Android
9673,macOS
9674,Android
9675,iOS
9676,iOS
9677,Windows
9678,Android
9679,Windows
9680,macOS
9681,Linux
9682,macOS
9683,Windows
9684,Windows
9685,Android
9686,Android
9687,Windows
9688,Android
9689,Windows
9690,Windows
9691,Windows
9692,Windows
9693,Android
9694,Android
9695,Android
9696,Windows
9697,Windows
9698,Android
9699,Android
9700,Windows
9701,Windows
9702,macOS
9703,Android
9704,Windows
9705,Windows
9706,macOS
9707,Android
9708,Windows
9709,Windows
9710,Windows
9711,Windows
9712,Android
9713,iOS
9714,Windows
9715,Windows
9716,Windows
9717,Windows
9718,Android
9719,Windows
9720,Windows
9721,Android
9722,Windows
9723,macOS
9724,Android
9725,Windows
9726,iOS
9727,Windows
9728,Windows
9729,Windows
9730,Windows
9731,Android
9732,macOS
9733,Windows
9734,macOS
9735,Windows
9736,Windows
9737,Android
9738,Android
9739,Windows
9740,Android
9741,Windows
9742,Android
9743,Android
9744,Windows
9745,Windows
9746,Windows
9747,Windows
9748,Windows
9749,Windows
9750,Windows
9751,Windows
9752,Windows
9753,Windows
9754,Windows
9755,iOS
9756,Windows
9757,Windows
9758,iOS
9759,Android
9760,Windows
9761,Windows
9762,Windows
9763,Android
9764,Android
9765,Windows
9766,Windows
9767,Windows
9768,Windows
9769,Android
9770,Android
9771,Windows
9772,Windows
9773,Windows
9774,Linux
9775,Windows
9776,Windows
9777,Windows
9778,Android
9779,Windows
9780,Windows
9781,Linux
9782,Windows
9783,Windows
9784,Windows
9785,macOS
9786,Android
9787,Android
9788,Windows
9789,Windows
9790,macOS
9791,Windows
9792,Android
9793,Windows
9794,Android
9795,macOS
9796,Android
9797,Android
9798,Windows
9799,Windows
9800,Android
9801,Windows
9802,Android
9803,Windows
9804,Windows
9805,Windows
9806,Android
9807,Android
9808,Windows
9809,Android
9810,Windows
9811,macOS
9812,Android
9813,Linux
9814,Windows
9815,Windows
9816,macOS
9817,Android
9818,Linux
9819,iOS
9820,Android
9821,Windows
9822,macOS
9823,Windows
9824,Android
9825,Windows
9826,iOS
9827,Windows
9828,Windows
9829,Android
9830,Windows
9831,Windows
9832,Android
9833,Windows
9834,Windows
9835,Windows
9836,Android
9837,Windows
9838,Windows
9839,Linux
9840,Windows
9841,Windows
9842,Windows
9843,Windows
9844,Windows
9845,Windows
9846,Windows
9847,Android
9848,Android
9849,Windows
9850,Windows
9851,Android
9852,Windows
9853,iOS
9854,Windows
9855,Windows
9856,Windows
9857,iOS
9858,Windows
9859,Android
9860,Windows
9861,Android
9862,Windows
9863,macOS
9864,Windows
9865,Windows
9866,Windows
9867,Windows
9868,Android
9869,Windows
9870,Linux
9871,Android
9872,Windows
9873,Linux
9874,Android
9875,Windows
9876,Windows
9877,Windows
9878,Windows
9879,Android
9880,Android
9881,macOS
9882,Android
9883,Android
9884,Android
9885,Android
9886,Linux
9887,iOS
9888,Android
9889,Android
9890,Linux
9891,Windows
9892,Windows
9893,Android
9894,Android
9895,Windows
9896,Android
9897,Windows
9898,Windows
9899,Android
9900,iOS
9901,Windows
9902,Windows
9903,Windows
9904,Windows
9905,Windows
9906,Android
9907,Android
9908,Android
9909,Windows
9910,Android
9911,Android
9912,Windows
9913,Windows
9914,Android
9915,Windows
9916,Android
9917,iOS
9918,Windows
9919,Linux
9920,Windows
9921,Windows
9922,Android
9923,Android
9924,Windows
9925,Windows
9926,Android
9927,Windows
9928,iOS
9929,Windows
9930,Windows
9931,Android
9932,macOS
9933,Windows
9934,Windows
9935,Android
9936,Windows
9937,Windows
9938,Windows
9939,Windows
9940,Windows
9941,Windows
9942,macOS
9943,Windows
9944,Windows
9945,Windows
9946,Android
9947,Windows
9948,Android
9949,Windows
9950,Windows
9951,Windows
9952,Windows
9953,Windows
9954,Windows
9955,Windows
9956,Android
9957,Android
9958,Windows
9959,Android
9960,Windows
9961,Windows
9962,Windows
9963,Windows
9964,Android
9965,Windows
9966,iOS
9967,Linux
9968,macOS
9969,Android
9970,Windows
9971,Windows
9972,Windows
9973,Android
9974,Windows
9975,iOS
9976,Windows
9977,Windows
9978,iOS
9979,Windows
9980,Windows
9981,macOS
9982,Android
9983,Android
9984,iOS
9985,Windows
9986,Windows
9987,Android
9988,Android
9989,Windows
9990,Windows
9991,Windows
9992,Windows
9993,macOS
9994,Windows
9995,Windows
9996,Windows
9997,Linux
9998,Windows
9999,Windows
10000,Windows
10001,Windows
10002,Windows
10003,Android
10004,Windows
10005,Android
10006,Windows
10007,Windows
10008,Windows
10009,Windows
10010,Android
10011,Windows
10012,Windows
10013,Windows
10014,Windows
10015,Windows
10016,Android
10017,Linux
10018,Windows
10019,Windows
10020,iOS
10021,Windows
10022,iOS
10023,Android
10024,Windows
10025,Windows
10026,Windows
10027,Android
10028,iOS
10029,Windows
10030,Windows
10031,Android
10032,Android
10033,Windows
10034,Windows
10035,Windows
10036,Android
10037,Windows
10038,Android
10039,Windows
10040,Windows
10041,Windows
10042,Windows
10043,Windows
10044,Windows
10045,Windows
10046,Windows
10047,Windows
10048,Android
10049,macOS
10050,Windows
10051,Android
10052,Windows
10053,Windows
10054,Windows
10055,macOS
10056,iOS
10057,Android
10058,Android
10059,Windows
10060,Windows
10061,Windows
10062,Android
10063,Windows
10064,Android
10065,Windows
10066,Android
10067,iOS
10068,Windows
10069,Windows
10070,Android
10071,Android
10072,Android
10073,Windows
10074,Windows
10075,iOS
10076,Windows
10077,iOS
10078,Windows
10079,Android
10080,Windows
10081,Windows
10082,Windows
10083,Android
10084,Windows
10085,macOS
10086,Windows
10087,Windows
10088,Android
10089,macOS
10090,Android
10091,macOS
10092,Windows
10093,Windows
10094,Android
10095,Windows
10096,Android
10097,Windows
10098,Windows
10099,Android
10100,macOS
10101,Windows
10102,Windows
10103,iOS
10104,Windows
10105,Windows
10106,Windows
10107,Windows
10108,Windows
10109,Windows
10110,Android
10111,Linux
10112,macOS
10113,Windows
10114,Windows
10115,Android
10116,Windows
10117,Android
10118,Android
10119,Windows
10120,iOS
10121,Linux
10122,Android
10123,Windows
10124,Windows
10125,Windows
10126,Windows
10127,Android
10128,Android
10129,iOS
10130,Windows
10131,Android
10132,Android
10133,Android
10134,iOS
10135,Android
10136,Windows
10137,Windows
10138,Windows
10139,iOS
10140,Windows
10141,Android
10142,Android
10143,Windows
10144,Linux
10145,Android
10146,Windows
10147,Windows
10148,Android
10149,Windows
10150,Windows
10151,iOS
10152,Android
10153,Windows
10154,Android
10155,Windows
10156,Android
10157,Windows
10158,Windows
10159,Windows
10160,Windows
10161,Android
10162,iOS
10163,iOS
10164,Windows
10165,Windows
10166,Windows
10167,Windows
10168,Windows
10169,Windows
10170,Android
10171,Windows
10172,Windows
10173,iOS
10174,iOS
10175,Android
10176,Windows
10177,Windows
10178,Windows
10179,Windows
10180,Android
10181,Windows
10182,Windows
10183,Windows
10184,Windows
10185,Windows
10186,Windows
10187,Windows
10188,Windows
10189,Windows
10190,Windows
10191,Windows
10192,Android
10193,Windows
10194,Windows
10195,Windows
10196,macOS
10197,Windows
10198,Android
10199,Windows
10200,Linux
10201,Windows
10202,Windows
10203,Windows
10204,Windows
10205,Windows
10206,Android
10207,Windows
10208,Windows
10209,Windows
10210,Windows
10211,Windows
10212,Windows
10213,Android
10214,Android
10215,Windows
10216,macOS
10217,macOS
10218,Android
10219,macOS
10220,Windows
10221,Windows
10222,Windows
10223,Windows
10224,Windows
10225,Windows
10226,Android
10227,Android
10228,Windows
10229,Windows
10230,Android
10231,Windows
10232,iOS
10233,iOS
10234,Android
10235,Windows
10236,Windows
10237,Windows
10238,Android
10239,Linux
10240,Windows
10241,Windows
10242,Android
10243,Windows
10244,macOS
10245,macOS
10246,Linux
10247,Windows
10248,Windows
10249,Windows
10250,macOS
10251,Windows
10252,Android
10253,Windows
10254,Android
10255,iOS
10256,Android
10257,Windows
10258,Android
10259,Android
10260,macOS
10261,Windows
10262,Android
10263,Windows
10264,Windows
10265,Windows
10266,iOS
10267,Android
10268,Windows
10269,Android
10270,macOS
10271,macOS
10272,Windows
10273,Windows
10274,Windows
10275,Windows
10276,Windows
10277,Android
10278,Windows
10279,Windows
10280,Windows
10281,Windows
10282,Android
10283,Windows
10284,Android
10285,Windows
10286,Windows
10287,Windows
10288,Windows
10289,Linux
10290,Windows
10291,Windows
10292,Windows
10293,Windows
10294,Windows
10295,Android
10296,Windows
10297,Windows
10298,Windows
10299,Windows
10300,Windows
10301,Windows
10302,Windows
10303,Android
10304,Windows
10305,Windows
10306,Windows
10307,Android
10308,Android
10309,macOS
10310,Windows
10311,Windows
10312,Android
10313,Windows
10314,Windows
10315,Windows
10316,Windows
10317,iOS
10318,Windows
10319,Android
10320,Windows
10321,macOS
10322,iOS
10323,Windows
10324,Windows
10325,macOS
10326,iOS
10327,Android
10328,Windows
10329,macOS
10330,Android
10331,macOS
10332,Android
10333,Android
10334,Android
10335,Windows
10336,macOS
10337,iOS
10338,Windows
10339,Windows
10340,iOS
10341,Windows
10342,Windows
10343,Android
10344,Windows
10345,Windows
10346,Android
10347,macOS
10348,Windows
10349,Windows
10350,Windows
10351,Windows
10352,Windows
10353,Windows
10354,Android
10355,Android
10356,Windows
10357,Windows
10358,Windows
10359,Windows
10360,Android
10361,macOS
10362,Windows
10363,Windows
10364,Windows
10365,Android
10366,Windows
10367,Windows
10368,Windows
10369,Android
10370,Android
10371,Windows
10372,Windows
10373,Android
10374,Windows
10375,Windows
10376,Windows
10377,Android
10378,Windows
10379,Android
10380,Windows
10381,Windows
10382,Windows
10383,Windows
10384,Android
10385,Windows
10386,Windows
10387,Windows
10388,Windows
10389,Windows
10390,Android
10391,Windows
10392,Windows
10393,Windows
10394,Windows
10395,iOS
10396,Android
10397,Windows
10398,Windows
10399,iOS
10400,Windows
10401,Windows
10402,Windows
10403,Windows
10404,macOS
10405,Android
10406,Windows
10407,Windows
10408,Windows
10409,Windows
10410,Windows
10411,Windows
10412,Windows
10413,Windows
10414,iOS
10415,Android
10416,Windows
10417,Android
10418,Linux
10419,macOS
10420,Linux
10421,Android
10422,Windows
10423,Android
10424,Windows
10425,Windows
10426,Android
10427,Windows
10428,Windows
10429,macOS
10430,Android
10431,Android
10432,Windows
10433,Windows
10434,Windows
10435,Android
10436,Windows
10437,Android
10438,Windows
10439,Windows
10440,Windows
10441,Android
10442,Windows
10443,Android
10444,Windows
10445,Android
10446,Windows
10447,iOS
10448,Windows
10449,Windows
10450,Windows
10451,iOS
10452,Windows
10453,Windows
10454,Windows
10455,Windows
10456,Windows
10457,Android
10458,Windows
10459,Windows
10460,Android
10461,Windows
10462,macOS
10463,Android
10464,Windows
10465,macOS
10466,Android
10467,Android
10468,Windows
10469,Windows
10470,Windows
10471,Windows
10472,Windows
10473,Android
10474,iOS
10475,Android
10476,Windows
10477,Windows
10478,Windows
10479,Windows
10480,Windows
10481,Windows
10482,Windows
10483,Android
10484,Windows
10485,Windows
10486,Android
10487,Android
10488,Windows
10489,Android
10490,Android
10491,Windows
10492,Windows
10493,Windows
10494,Windows
10495,Android
10496,Windows
10497,Windows
10498,Windows
10499,Windows
10500,macOS
10501,Windows
10502,Windows
10503,Windows
10504,Windows
10505,macOS
10506,Windows
10507,Windows
10508,Windows
10509,Android
10510,iOS
10511,Windows
10512,Android
10513,Android
10514,macOS
10515,Windows
10516,Windows
10517,Windows
10518,macOS
10519,macOS
10520,Windows
10521,Windows
10522,Android
10523,Windows
10524,macOS
10525,macOS
10526,Android
10527,Windows
10528,Linux
10529,macOS
10530,Windows
10531,Windows
10532,Android
10533,Android
10534,Windows
10535,Windows
10536,Windows
10537,Android
10538,Windows
10539,iOS
10540,Windows
10541,macOS
10542,iOS
10543,Android
10544,Windows
10545,Windows
10546,Windows
10547,Android
10548,iOS
10549,Windows
10550,Windows
10551,Android
10552,Windows
10553,Windows
10554,Windows
10555,Windows
10556,Android
10557,Android
10558,Windows
10559,Windows
10560,Windows
10561,Windows
10562,Android
10563,Windows
10564,Windows
10565,Android
10566,Windows
10567,Windows
10568,Windows
10569,Windows
10570,Windows
10571,Windows
10572,Windows
10573,Android
10574,Android
10575,macOS
10576,Windows
10577,macOS
10578,Windows
10579,Windows
10580,Windows
10581,Windows
10582,Windows
10583,Android
10584,Android
10585,macOS
10586,Android
10587,Windows
10588,Android
10589,Android
10590,Windows
10591,Windows
10592,Windows
10593,Windows
10594,macOS
10595,Android
10596,Windows
10597,Windows
10598,Windows
10599,Windows
10600,Windows
10601,Android
10602,Windows
10603,Windows
10604,Windows
10605,Windows
10606,Android
10607,Android
10608,iOS
10609,Windows
10610,Windows
10611,macOS
10612,Windows
10613,Android
10614,Windows
10615,Windows
10616,iOS
10617,Windows
10618,Windows
10619,Android
10620,Android
10621,Windows
10622,Android
10623,Windows
10624,Windows
10625,Android
10626,Android
10627,Windows
10628,Windows
10629,macOS
10630,Android
10631,Windows
10632,Windows
10633,Windows
10634,Windows
10635,iOS
10636,Android
10637,Windows
10638,Windows
10639,Windows
10640,Windows
10641,iOS
10642,iOS
10643,Windows
10644,Windows
10645,Android
10646,Windows
10647,Windows
10648,iOS
10649,Windows
10650,Linux
10651,Windows
10652,Windows
10653,Windows
10654,macOS
10655,Android
10656,Windows
10657,Windows
10658,Windows
10659,iOS
10660,Windows
10661,macOS
10662,Windows
10663,Windows
10664,Windows
10665,Android
10666,Windows
10667,Windows
10668,Android
10669,macOS
10670,Windows
10671,Windows
10672,iOS
10673,Windows
10674,Windows
10675,Windows
10676,Windows
10677,Android
10678,Windows
10679,Windows
10680,Android
10681,Windows
10682,Windows
10683,Windows
10684,Windows
10685,Windows
10686,Windows
10687,Android
10688,iOS
10689,Windows
10690,Windows
10691,Windows
10692,Android
10693,Windows
10694,Windows
10695,Windows
10696,Windows
10697,Windows
10698,Windows
10699,Windows
10700,Android
10701,Windows
10702,Windows
10703,Windows
10704,Windows
10705,Android
10706,Windows
10707,iOS
10708,Android
10709,Windows
10710,Windows
10711,Windows
10712,Android
10713,Windows
10714,Windows
10715,Windows
10716,Windows
10717,Windows
10718,Windows
10719,Windows
10720,macOS
10721,Windows
10722,Windows
10723,Windows
10724,Windows
10725,Linux
10726,Windows
10727,Windows
10728,Windows
10729,Windows
10730,Android
10731,Android
10732,Windows
10733,macOS
10734,Windows
10735,Android
10736,Windows
10737,Windows
10738,Windows
10739,iOS
10740,Windows
10741,iOS
10742,Windows
10743,Windows
10744,iOS
10745,Windows
10746,Android
10747,Android
10748,Android
10749,Android
10750,macOS
10751,Windows
10752,iOS
10753,Windows
10754,Windows
10755,Windows
10756,Android
10757,Windows
10758,macOS
10759,Windows
10760,Windows
10761,Windows
10762,Windows
10763,Windows
10764,Windows
10765,Android
10766,macOS
10767,iOS
10768,Windows
10769,Android
10770,Windows
10771,Android
10772,Windows
10773,macOS
10774,Android
10775,Windows
10776,Windows
10777,Windows
10778,Android
10779,Windows
10780,Windows
10781,Android
10782,macOS
10783,Android
10784,Windows
10785,Windows
10786,Android
10787,Windows
10788,Windows
10789,Linux
10790,Linux
10791,Windows
10792,macOS
10793,Android
10794,Android
10795,Windows
10796,Windows
10797,Android
10798,macOS
10799,iOS
10800,Windows
10801,Windows
10802,Windows
10803,Windows
10804,iOS
10805,Windows
10806,Windows
10807,Android
10808,Windows
10809,macOS
10810,macOS
10811,Windows
10812,Windows
10813,Windows
10814,macOS
10815,Windows
10816,Windows
10817,Linux
10818,Windows
10819,Windows
10820,Windows
10821,iOS
10822,Windows
10823,Windows
10824,Android
10825,macOS
10826,Windows
10827,Windows
10828,Windows
10829,Windows
10830,Android
10831,Windows
10832,Windows
10833,Windows
10834,Windows
10835,Android
10836,Android
10837,Android
10838,Android
10839,Windows
10840,Android
10841,Windows
10842,Windows
10843,Windows
10844,macOS
10845,macOS
10846,Windows
10847,Windows
10848,Windows
10849,Windows
10850,Windows
10851,Windows
10852,Windows
10853,Windows
10854,Windows
10855,Windows
10856,Windows
10857,Android
10858,Windows
10859,macOS
10860,Android
10861,Android
10862,Windows
10863,Windows
10864,Windows
10865,Windows
10866,Windows
10867,Windows
10868,macOS
10869,Android
10870,iOS
10871,Android
10872,Windows
10873,Windows
10874,Windows
10875,macOS
10876,Windows
10877,Windows
10878,Windows
10879,Android
10880,Android
10881,Windows
10882,Windows
10883,Windows
10884,iOS
10885,Windows
10886,Android
10887,Windows
10888,Windows
10889,Windows
10890,Android
10891,Android
10892,Windows
10893,Android
10894,Windows
10895,Windows
10896,Windows
10897,macOS
10898,macOS
10899,Android
10900,Windows
10901,macOS
10902,Windows
10903,macOS
10904,Windows
10905,Android
10906,Windows
10907,Linux
10908,Android
10909,Android
10910,Android
10911,Windows
10912,Windows
10913,Windows
10914,macOS
10915,Windows
10916,Windows
10917,Android
10918,Android
10919,Android
10920,Windows
10921,Windows
10922,Android
10923,Android
10924,Windows
10925,Windows
10926,Android
10927,Windows
10928,Windows
10929,Windows
10930,Windows
10931,macOS
10932,Windows
10933,Windows
10934,Windows
10935,macOS
10936,Windows
10937,macOS
10938,Windows
10939,Windows
10940,Windows
10941,Windows
10942,Windows
10943,Android
10944,Windows
10945,Android
10946,Windows
10947,Windows
10948,Windows
10949,Windows
10950,Windows
10951,Android
10952,Windows
10953,Windows
10954,Windows
10955,Windows
10956,iOS
10957,Android
10958,iOS
10959,Android
10960,Android
10961,Windows
10962,Windows
10963,Windows
10964,Windows
10965,Windows
10966,Windows
10967,macOS
10968,Windows
10969,macOS
10970,Windows
10971,Windows
10972,Windows
10973,Windows
10974,Windows
10975,Android
10976,iOS
10977,iOS
10978,Android
10979,Windows
10980,Windows
10981,Android
10982,Windows
10983,Windows
10984,Windows
10985,Windows
10986,Windows
10987,Android
10988,Android
10989,Windows
10990,Windows
10991,macOS
10992,Windows
10993,Windows
10994,Windows
10995,Android
10996,Windows
10997,Windows
10998,Android
10999,Windows
11000,Android
11001,Windows
11002,Windows
11003,Android
11004,macOS
11005,Windows
11006,Windows
11007,Windows
11008,Android
11009,Windows
11010,macOS
11011,Windows
11012,macOS
11013,Windows
11014,Windows
11015,Windows
11016,Windows
11017,Android
11018,Windows
11019,Windows
11020,Android
11021,Windows
11022,Android
11023,Windows
11024,Windows
11025,Windows
11026,Windows
11027,Windows
11028,Windows
11029,Android
11030,Android
11031,Windows
11032,iOS
11033,iOS
11034,macOS
11035,Windows
11036,Windows
11037,Android
11038,Windows
11039,Android
11040,iOS
11041,Windows
11042,Windows
11043,Android
11044,Windows
11045,macOS
11046,Android
11047,macOS
11048,Windows
11049,macOS
11050,Windows
11051,Android
11052,iOS
11053,Android
11054,Windows
11055,Android
11056,macOS
11057,Android
11058,Windows
11059,Windows
11060,Windows
11061,iOS
11062,macOS
11063,Android
11064,Android
11065,Windows
11066,Android
11067,Windows
11068,Android
11069,Windows
11070,Windows
11071,macOS
11072,Windows
11073,Android
11074,macOS
11075,Windows
11076,Android
11077,Windows
11078,Windows
11079,iOS
11080,Windows
11081,Android
11082,Windows
11083,macOS
11084,Windows
11085,Windows
11086,Windows
11087,macOS
11088,Android
11089,Windows
11090,Windows
11091,Windows
11092,Windows
11093,Windows
11094,Linux
11095,Windows
11096,Android
11097,Windows
11098,Windows
11099,Windows
11100,Windows
11101,Android
11102,Android
11103,Windows
11104,Windows
11105,Android
11106,Android
11107,Windows
11108,macOS
11109,Linux
11110,Android
11111,Windows
11112,Android
11113,Windows
11114,Windows
11115,Windows
11116,Android
11117,Windows
11118,Windows
11119,Android
11120,Windows
11121,macOS
11122,Windows
11123,macOS
11124,Windows
11125,Windows
11126,Windows
11127,Android
11128,Linux
11129,Windows
11130,Windows
11131,Windows
11132,Windows
11133,Windows
11134,Linux
11135,Windows
11136,macOS
11137,Android
11138,iOS
11139,Windows
11140,Windows
11141,Windows
11142,Android
11143,Android
11144,iOS
11145,Windows
11146,Windows
11147,Android
11148,Windows
11149,Windows
11150,Android
11151,Windows
11152,Windows
11153,Windows
11154,Android
11155,Windows
11156,Android
11157,Android
11158,Android
11159,Linux
11160,Windows
11161,Windows
11162,Windows
11163,Windows
11164,macOS
11165,Windows
11166,Windows
11167,Android
11168,macOS
11169,Android
11170,iOS
11171,Android
11172,Windows
11173,Windows
11174,Windows
11175,Windows
11176,Windows
11177,iOS
11178,Android
11179,Windows
11180,Windows
11181,Android
11182,Windows
11183,Windows
11184,Windows
11185,Windows
11186,Windows
11187,Windows
11188,Android
11189,Windows
11190,Android
11191,Android
11192,Windows
11193,Android
11194,Windows
11195,Windows
11196,macOS
11197,macOS
11198,Android
11199,Windows
11200,Android
11201,Android
11202,Android
11203,Windows
11204,Windows
11205,Linux
11206,Windows
11207,Windows
11208,Windows
11209,Android
11210,Windows
11211,Windows
11212,Windows
11213,Windows
11214,Android
11215,Windows
11216,Android
11217,macOS
11218,macOS
11219,Windows
11220,macOS
11221,Windows
11222,Android
11223,Windows
11224,Windows
11225,Windows
11226,Windows
11227,Windows
11228,Windows
11229,Android
11230,Android
11231,Android
11232,Windows
11233,Windows
11234,Windows
11235,Windows
11236,Windows
11237,Windows
11238,Windows
11239,Windows
11240,Android
11241,Windows
11242,Windows
11243,Windows
11244,Windows
11245,Android
11246,macOS
11247,Windows
11248,Windows
11249,Windows
11250,Windows
11251,Android
11252,Android
11253,macOS
11254,Windows
11255,Windows
11256,Windows
11257,iOS
11258,iOS
11259,Android
11260,Windows
11261,iOS
11262,Windows
11263,Windows
11264,Android
11265,Windows
11266,Windows
11267,Android
11268,Android
11269,Windows
11270,Windows
11271,Windows
11272,macOS
11273,Windows
11274,Windows
11275,Windows
11276,Windows
11277,Windows
11278,Windows
11279,Windows
11280,Windows
11281,Windows
11282,Windows
11283,Android
11284,Windows
11285,macOS
11286,Windows
11287,Android
11288,Windows
11289,Android
11290,Windows
11291,Windows
11292,Android
11293,Windows
11294,Linux
11295,Windows
11296,Windows
11297,Windows
11298,Android
11299,macOS
11300,Android
11301,Windows
11302,Android
11303,Windows
11304,Windows
11305,Windows
11306,Windows
11307,Windows
11308,Android
11309,Windows
11310,Android
11311,macOS
11312,Windows
11313,Android
11314,Android
11315,Android
11316,macOS
11317,Windows
11318,Windows
11319,Windows
11320,Windows
11321,Windows
11322,Windows
11323,Windows
11324,Android
11325,Windows
11326,Android
11327,iOS
11328,Windows
11329,Android
11330,Windows
11331,Windows
11332,Android
11333,Android
11334,Windows
11335,macOS
11336,Android
11337,Android
11338,Windows
11339,Windows
11340,Windows
11341,Android
11342,Windows
11343,Android
11344,Windows
11345,Windows
11346,Android
11347,Windows
11348,Windows
11349,Windows
11350,Windows
11351,Windows
11352,Android
11353,Windows
11354,iOS
11355,Windows
11356,Android
11357,Windows
11358,macOS
11359,Windows
11360,macOS
11361,Windows
11362,Android
11363,Windows
11364,Windows
11365,Windows
11366,macOS
11367,Android
11368,Windows
11369,Windows
11370,Android
11371,Android
11372,Windows
11373,Android
11374,Android
11375,Android
11376,Windows
11377,Windows
11378,macOS
11379,Windows
11380,Windows
11381,Android
11382,Windows
11383,macOS
11384,Windows
11385,Windows
11386,Windows
11387,Windows
11388,Android
11389,macOS
11390,Linux
11391,Windows
11392,Windows
11393,Android
11394,Windows
11395,Windows
11396,Android
11397,Windows
11398,Windows
11399,Windows
11400,Windows
11401,iOS
11402,Android
11403,Android
11404,macOS
11405,Windows
11406,Android
11407,Windows
11408,Windows
11409,Linux
11410,macOS
11411,Windows
11412,Android
11413,Windows
11414,Windows
11415,Android
11416,Windows
11417,Windows
11418,Windows
11419,iOS
11420,Android
11421,Windows
11422,Android
11423,Android
11424,Windows
11425,Windows
11426,Windows
11427,Windows
11428,Windows
11429,Windows
11430,Windows
11431,Android
11432,Android
11433,macOS
11434,Android
11435,Android
11436,Android
11437,Windows
11438,Android
11439,Windows
11440,Windows
11441,Android
11442,Windows
11443,Windows
11444,Android
11445,Windows
11446,Windows
11447,Windows
11448,Windows
11449,Android
11450,Android
11451,Windows
11452,Windows
11453,Windows
11454,Windows
11455,Windows
11456,Android
11457,Android
11458,Windows
11459,Windows
11460,Android
11461,Android
11462,Android
11463,iOS
11464,Windows
11465,Android
11466,Windows
11467,Windows
11468,Windows
11469,Windows
11470,macOS
11471,Android
11472,Windows
11473,Android
11474,Windows
11475,Windows
11476,Windows
11477,Android
11478,Windows
11479,Android
11480,Windows
11481,Windows
11482,Windows
11483,Android
11484,Windows
11485,Android
11486,Windows
11487,Android
11488,Windows
11489,Windows
11490,iOS
11491,Android
11492,macOS
11493,Android
11494,macOS
11495,Windows
11496,Windows
11497,Windows
11498,Windows
11499,iOS
11500,Windows
11501,Windows
11502,Android
11503,Android
11504,Windows
11505,Windows
11506,macOS
11507,Windows
11508,Windows
11509,Windows
11510,Windows
11511,Windows
11512,Windows
11513,Android
11514,Windows
11515,macOS
11516,Windows
11517,iOS
11518,Android
11519,Android
11520,Android
11521,Windows
11522,Windows
11523,Android
11524,Windows
11525,macOS
11526,Android
11527,Windows
11528,Windows
11529,Windows
11530,Windows
11531,Windows
11532,Windows
11533,Windows
11534,Android
11535,Android
11536,Windows
11537,Windows
11538,Windows
11539,Windows
11540,Android
11541,Windows
11542,Android
11543,Windows
11544,Windows
11545,macOS
11546,Windows
11547,iOS
11548,Android
11549,Android
11550,Windows
11551,Windows
11552,Windows
11553,macOS
11554,iOS
11555,Android
11556,Windows
11557,Windows
11558,Windows
11559,macOS
11560,iOS
11561,Windows
11562,iOS
11563,Windows
11564,Windows
11565,Windows
11566,Windows
11567,Android
11568,Windows
11569,Windows
11570,macOS
11571,Windows
11572,Android
11573,Windows
11574,macOS
11575,Windows
11576,Android
11577,Windows
11578,Windows
11579,Windows
11580,Windows
11581,Windows
11582,Windows
11583,Android
11584,Windows
11585,Android
11586,Windows
11587,Windows
11588,Android
11589,Windows
11590,Windows
11591,Windows
11592,Android
11593,Windows
11594,Android
11595,iOS
11596,Android
11597,Linux
11598,macOS
11599,Android
11600,Windows
11601,Windows
11602,Windows
11603,Windows
11604,Windows
11605,Windows
11606,Linux
11607,Android
11608,Windows
11609,macOS
11610,Android
11611,iOS
11612,Windows
11613,Windows
11614,Windows
11615,Windows
11616,Android
11617,Windows
11618,Windows
11619,Android
11620,Android
11621,Windows
11622,Android
11623,Windows
11624,Windows
11625,Windows
11626,Android
11627,iOS
11628,Android
11629,Windows
11630,macOS
11631,Android
11632,Windows
11633,Windows
11634,Windows
11635,Windows
11636,Windows
11637,Linux
11638,Windows
11639,Windows
11640,Windows
11641,Windows
11642,macOS
11643,Windows
11644,Android
11645,iOS
11646,Windows
11647,Android
11648,Android
11649,Android
11650,Windows
11651,Android
11652,Android
11653,Android
11654,Windows
11655,Windows
11656,Windows
11657,Windows
11658,Windows
11659,Windows
11660,Android
11661,Windows
11662,Windows
11663,Windows
11664,Windows
11665,Android
11666,Android
11667,Windows
11668,Windows
11669,Windows
11670,Windows
11671,iOS
11672,Windows
11673,Android
11674,Android
11675,Windows
11676,Windows
11677,Windows
11678,Windows
11679,Android
11680,Windows
11681,Android
11682,Windows
11683,Windows
11684,Windows
11685,Windows
11686,Windows
11687,Android
11688,Windows
11689,Windows
11690,Windows
11691,Windows
11692,Windows
11693,Windows
11694,Windows
11695,Windows
11696,Windows
11697,Linux
11698,iOS
11699,Linux
11700,Windows
11701,Android
11702,macOS
11703,Windows
11704,Android
11705,macOS
11706,iOS
11707,Android
11708,Windows
11709,Windows
11710,iOS
11711,Windows
11712,Windows
11713,Windows
11714,Linux
11715,macOS
11716,Windows
11717,Windows
11718,Windows
11719,Windows
11720,Android
11721,Windows
11722,Windows
11723,Windows
11724,Windows
11725,Windows
11726,Windows
11727,Android
11728,Android
11729,macOS
11730,Windows
11731,Android
11732,macOS
11733,Android
11734,Windows
11735,Android
11736,Windows
11737,Windows
11738,Windows
11739,Android
11740,Windows
11741,Windows
11742,Windows
11743,Windows
11744,Windows
11745,Android
11746,macOS
11747,Windows
11748,Windows
11749,Windows
11750,Windows
11751,Windows
11752,Windows
11753,Windows
11754,Windows
11755,Android
11756,Windows
11757,Windows
11758,Windows
11759,Windows
11760,macOS
11761,Windows
11762,Windows
11763,Android
11764,macOS
11765,Windows
11766,Windows
11767,Android
11768,Windows
11769,Windows
11770,Android
11771,iOS
11772,Android
11773,Android
11774,Android
11775,macOS
11776,Android
11777,Windows
11778,Windows
11779,Windows
11780,Windows
11781,Windows
11782,Windows
11783,Windows
11784,iOS
11785,Windows
11786,Windows
11787,Android
11788,Windows
11789,Windows
11790,Windows
11791,Windows
11792,macOS
11793,Windows
11794,macOS
11795,Android
11796,Windows
11797,Android
11798,Android
11799,Android
11800,Android
11801,Windows
11802,Windows
11803,Android
11804,Windows
11805,Windows
11806,Windows
11807,Windows
11808,Android
11809,Windows
11810,Android
11811,macOS
11812,Windows
11813,macOS
11814,Windows
11815,Windows
11816,Windows
11817,Windows
11818,macOS
11819,Windows
11820,Windows
11821,Windows
11822,Windows
11823,Android
11824,Windows
11825,macOS
11826,Android
11827,Windows
11828,Windows
11829,Windows
11830,Windows
11831,Android
11832,Android
11833,Windows
11834,macOS
11835,macOS
11836,Windows
11837,Windows
11838,Android
11839,Windows
11840,iOS
11841,Windows
11842,Windows
11843,Windows
11844,Windows
11845,macOS
11846,Windows
11847,Windows
11848,macOS
11849,Windows
11850,iOS
11851,Windows
11852,Android
11853,Windows
11854,iOS
11855,Windows
11856,Android
11857,Windows
11858,Windows
11859,Windows
11860,Windows
11861,macOS
11862,Windows
11863,Windows
11864,Windows
11865,Windows
11866,Windows
11867,Android
11868,Windows
11869,Windows
11870,Android
11871,Windows
11872,Android
11873,iOS
11874,Windows
11875,iOS
11876,Windows
11877,Windows
11878,Windows
11879,Windows
11880,Android
11881,Windows
11882,Android
11883,Android
11884,Windows
11885,Android
11886,Android
11887,Android
11888,Android
11889,Windows
11890,iOS
11891,Android
11892,Windows
11893,Windows
11894,macOS
11895,Windows
11896,Windows
11897,Windows
11898,macOS
11899,Windows
11900,Android
11901,Android
11902,Windows
11903,iOS
11904,Windows
11905,Windows
11906,macOS
11907,Windows
11908,Android
11909,Windows
11910,Android
11911,Windows
11912,Android
11913,Windows
11914,Windows
11915,iOS
11916,Windows
11917,Android
11918,Windows
11919,Android
11920,Windows
11921,Windows
11922,Windows
11923,Windows
11924,Windows
11925,macOS
11926,Windows
11927,Windows
11928,Windows
11929,Windows
11930,Windows
11931,Android
11932,Windows
11933,Windows
11934,Windows
11935,Windows
11936,Windows
11937,Windows
11938,Windows
11939,iOS
11940,Windows
11941,iOS
11942,iOS
11943,Android
11944,Windows
11945,Windows
11946,Windows
11947,Windows
11948,Android
11949,Windows
11950,Windows
11951,Android
11952,Windows
11953,Windows
11954,Windows
11955,Windows
11956,Android
11957,Windows
11958,macOS
11959,Android
11960,Windows
11961,Windows
11962,Windows
11963,Android
11964,Windows
11965,Windows
11966,Android
11967,Windows
11968,macOS
11969,Windows
11970,Android
11971,macOS
11972,Windows
11973,Android
11974,Windows
11975,iOS
11976,Windows
11977,Windows
11978,Windows
11979,Windows
11980,macOS
11981,Android
11982,Windows
11983,Windows
11984,Linux
11985,Windows
11986,Windows
11987,Windows
11988,Windows
11989,Android
11990,Android
11991,Windows
11992,Android
11993,Windows
11994,Windows
11995,macOS
11996,Android
11997,iOS
11998,Windows
11999,Windows
12000,Windows
12001,Windows
12002,Android
12003,Windows
12004,Windows
12005,Android
12006,Windows
12007,Windows
12008,Android
12009,Linux
12010,Windows
12011,Windows
12012,Windows
12013,Windows
12014,Linux
12015,Windows
12016,iOS
12017,Linux
12018,Android
12019,Windows
12020,Android
12021,Windows
12022,macOS
12023,Linux
12024,macOS
12025,Windows
12026,Windows
12027,Windows
12028,Android
12029,Windows
12030,macOS
12031,Android
12032,Android
12033,Android
12034,Windows
12035,Android
12036,Windows
12037,Android
12038,Linux
12039,Windows
12040,Android
12041,Windows
12042,Android
12043,Windows
12044,Linux
12045,Windows
12046,Android
12047,Windows
12048,Windows
12049,Windows
12050,Windows
12051,Android
12052,Android
12053,macOS
12054,Windows
12055,Windows
12056,Windows
12057,Windows
12058,Windows
12059,Windows
12060,Windows
12061,Android
12062,Windows
12063,Windows
12064,Windows
12065,Windows
12066,Windows
12067,Windows
12068,macOS
12069,iOS
12070,Windows
12071,Android
12072,Android
12073,Windows
12074,Windows
12075,Windows
12076,Windows
12077,Windows
12078,Android
12079,Windows
12080,Android
12081,Android
12082,Linux
12083,Windows
12084,Windows
12085,Windows
12086,Windows
12087,Windows
12088,Android
12089,macOS
12090,Android
12091,Windows
12092,Windows
12093,Windows
12094,Windows
12095,Windows
12096,Android
12097,Windows
12098,Windows
12099,Android
12100,macOS
12101,iOS
12102,Android
12103,iOS
12104,Windows
12105,Windows
12106,Android
12107,Windows
12108,Windows
12109,Windows
12110,Windows
12111,Android
12112,Windows
12113,Android
12114,Android
12115,Windows
12116,Windows
12117,Windows
12118,iOS
12119,iOS
12120,Windows
12121,macOS
12122,macOS
12123,Windows
12124,Android
12125,Windows
12126,Android
12127,Windows
12128,Windows
12129,Windows
12130,Windows
12131,Android
12132,Android
12133,Android
12134,Android
12135,Windows
12136,Android
12137,Windows
12138,Windows
12139,Windows
12140,Windows
12141,Android
12142,Windows
12143,Windows
12144,Windows
12145,Android
12146,Windows
12147,Windows
12148,Windows
12149,Windows
12150,Windows
12151,macOS
12152,Windows
12153,Windows
12154,Windows
12155,Windows
12156,Windows
12157,Android
12158,Windows
12159,Windows
12160,Windows
12161,Android
12162,Windows
12163,Windows
12164,Windows
12165,macOS
12166,Windows
12167,Windows
12168,Windows
12169,macOS
12170,Windows
12171,Windows
12172,Windows
12173,Android
12174,Windows
12175,Android
12176,Windows
12177,Android
12178,macOS
12179,Windows
12180,Windows
12181,Android
12182,Android
12183,Windows
12184,Windows
12185,iOS
12186,Windows
12187,Android
12188,macOS
12189,Windows
12190,Windows
12191,Windows
12192,Windows
12193,Android
12194,Android
12195,Android
12196,Windows
12197,Windows
12198,Android
12199,Android
12200,Windows
12201,Windows
12202,Android
12203,iOS
12204,Windows
12205,Windows
12206,Windows
12207,Windows
12208,Windows
12209,Windows
12210,Windows
12211,macOS
12212,Windows
12213,Windows
12214,Android
12215,iOS
12216,Windows
12217,Windows
12218,macOS
12219,Windows
12220,iOS
12221,Android
12222,Windows
12223,Android
12224,Android
12225,Android
12226,Windows
12227,Windows
12228,iOS
12229,Android
12230,Windows
12231,Windows
12232,Windows
12233,Windows
12234,Windows
12235,Windows
12236,Windows
12237,Windows
12238,Windows
12239,Windows
12240,Android
12241,Android
12242,Android
12243,Windows
12244,Windows
12245,Windows
12246,Windows
12247,Android
12248,Windows
12249,Windows
12250,Windows
12251,Android
12252,Android
12253,macOS
12254,Android
12255,iOS
12256,Windows
12257,Windows
12258,Android
12259,iOS
12260,Android
12261,Windows
12262,Android
12263,Android
12264,Windows
12265,Windows
12266,Windows
12267,Android
12268,Linux
12269,Windows
12270,Windows
12271,Android
12272,iOS
12273,macOS
12274,macOS
12275,macOS
12276,Android
12277,Windows
12278,macOS
12279,Android
12280,Windows
12281,Windows
12282,Android
12283,Windows
12284,Windows
12285,Windows
12286,Windows
12287,iOS
12288,Android
12289,Windows
12290,Android
12291,Android
12292,Windows
12293,Windows
12294,Android
12295,Windows
12296,Windows
12297,Windows
12298,Windows
12299,Android
12300,macOS
12301,Windows
12302,Windows
12303,Windows
12304,Android
12305,Windows
12306,Windows
12307,Windows
12308,Windows
12309,Windows
12310,Windows
12311,Android
12312,Android
12313,Windows
12314,Windows
12315,macOS
12316,Windows
12317,Windows
12318,Android
12319,macOS
12320,Windows
12321,Windows
12322,Android
12323,Windows
12324,Windows
12325,Windows
12326,Windows
12327,Android
12328,Android
12329,Linux
12330,Android
12331,Windows
12332,Linux
12333,Windows
12334,Android
12335,Android
12336,iOS
12337,Windows
12338,Android
12339,Windows
12340,Windows
12341,Windows
12342,Windows
12343,Windows
12344,Android
12345,iOS
12346,Android
12347,Windows
12348,Windows
12349,Windows
12350,Windows
12351,Android
12352,Windows
12353,Android
12354,Windows
12355,Android
12356,Windows
12357,iOS
12358,Windows
12359,macOS
12360,Windows
12361,iOS
12362,Windows
12363,Windows
12364,Windows
12365,Android
12366,Windows
12367,Android
12368,Windows
12369,Windows
12370,Windows
12371,Windows
12372,Android
12373,Windows
12374,Android
12375,Windows
12376,Windows
12377,Android
12378,Linux
12379,Windows
12380,Windows
12381,Android
12382,Windows
12383,Windows
12384,Windows
12385,Android
12386,Windows
12387,Windows
12388,macOS
12389,macOS
12390,Windows
12391,Windows
12392,Windows
12393,Windows
12394,Windows
12395,Windows
12396,Windows
12397,Windows
12398,Android
12399,Android
12400,macOS
12401,Windows
12402,Windows
12403,Android
12404,Android
12405,Windows
12406,Windows
12407,Android
12408,Android
12409,Windows
12410,iOS
12411,Windows
12412,Windows
12413,macOS
12414,Windows
12415,Windows
12416,Android
12417,Android
12418,Windows
12419,Linux
12420,Windows
12421,Windows
12422,Android
12423,Android
12424,Windows
12425,Windows
12426,macOS
12427,Android
12428,Windows
12429,Windows
12430,Android
12431,Android
12432,Windows
12433,Windows
12434,Windows
12435,Windows
12436,Windows
12437,Android
12438,Windows
12439,Windows
12440,Windows
12441,Windows
12442,Android
12443,Linux
12444,Android
12445,Windows
12446,macOS
12447,Android
12448,Windows
12449,Windows
12450,Windows
12451,Windows
12452,Windows
12453,Windows
12454,Windows
12455,Android
12456,Android
12457,Android
12458,Windows
12459,Linux
12460,Android
12461,Windows
12462,Android
12463,Windows
12464,Windows
12465,Linux
12466,Android
12467,Windows
12468,Windows
12469,Windows
12470,Android
12471,Android
12472,Windows
12473,Windows
12474,iOS
12475,Windows
12476,Android
12477,Windows
12478,Windows
12479,Windows
12480,Windows
12481,Windows
12482,macOS
12483,Windows
12484,Windows
12485,Windows
12486,Windows
12487,Android
12488,Android
12489,Windows
12490,Windows
12491,Windows
12492,Windows
12493,Windows
12494,Android
12495,Windows
12496,Windows
12497,macOS
12498,Windows
12499,Windows
12500,Android
12501,macOS
12502,macOS
12503,Windows
12504,Windows
12505,Android
12506,Windows
12507,Windows
12508,Windows
12509,Windows
12510,Android
12511,Windows
12512,Android
12513,Windows
12514,Android
12515,Windows
12516,Android
12517,Android
12518,Android
12519,Windows
12520,Windows
12521,Android
12522,Windows
12523,Windows
12524,Android
12525,Android
12526,Windows
12527,Windows
12528,Windows
12529,Android
12530,Windows
12531,Windows
12532,Windows
12533,Windows
12534,Windows
12535,Windows
12536,Windows
12537,Windows
12538,Windows
12539,Windows
12540,Android
12541,Android
12542,Windows
12543,Android
12544,Android
12545,Android
12546,macOS
12547,Windows
12548,Windows
12549,Android
12550,Android
12551,Windows
12552,Windows
12553,Windows
12554,Linux
12555,Windows
12556,Windows
12557,Windows
12558,Windows
12559,Android
12560,Windows
12561,Android
12562,Windows
12563,Android
12564,Windows
12565,Windows
12566,Windows
12567,Android
12568,Windows
12569,Windows
12570,Android
12571,Android
12572,Linux
12573,Windows
12574,Windows
12575,Windows
12576,Windows
12577,Windows
12578,Windows
12579,Windows
12580,Windows
12581,Windows
12582,Windows
12583,Windows
12584,Android
12585,Windows
12586,Windows
12587,iOS
12588,Android
12589,Windows
12590,Windows
12591,Android
12592,Windows
12593,Windows
12594,Windows
12595,Windows
12596,macOS
12597,Windows
12598,Windows
12599,Windows
12600,Windows
12601,Windows
12602,Windows
12603,Android
12604,iOS
12605,Windows
12606,Android
12607,Android
12608,Windows
12609,Windows
12610,Windows
12611,Windows
12612,Windows
12613,Android
12614,Windows
12615,Android
12616,Windows
12617,iOS
12618,Windows
12619,Android
12620,Windows
12621,Android
12622,Windows
12623,Windows
12624,iOS
12625,macOS
12626,macOS
12627,Android
12628,Android
12629,Android
12630,Windows
12631,Windows
12632,Windows
12633,Android
12634,Windows
12635,Windows
12636,Windows
12637,Windows
12638,Windows
12639,iOS
12640,Windows
12641,Windows
12642,Windows
12643,iOS
12644,macOS
12645,Windows
12646,Windows
12647,Windows
12648,Android
12649,Windows
12650,iOS
12651,macOS
12652,macOS
12653,Windows
12654,Windows
12655,Windows
12656,Windows
12657,Windows
12658,Windows
12659,Windows
12660,Windows
12661,Android
12662,Android
12663,Android
12664,Android
12665,Windows
12666,Windows
12667,iOS
12668,Windows
12669,Windows
12670,Android
12671,Windows
12672,Windows
12673,Windows
12674,Windows
12675,Windows
12676,Android
12677,Windows
12678,Android
12679,Windows
12680,Windows
12681,Windows
12682,Windows
12683,Windows
12684,Android
12685,macOS
12686,Windows
12687,Android
12688,Windows
12689,Windows
12690,macOS
12691,Windows
12692,iOS
12693,Windows
12694,Android
12695,Windows
12696,macOS
12697,Windows
12698,Android
12699,Windows
12700,Windows
12701,Android
12702,Android
12703,Windows
12704,iOS
12705,Windows
12706,Windows
12707,Windows
12708,Windows
12709,Android
12710,Windows
12711,macOS
12712,Android
12713,Windows
12714,Windows
12715,Android
12716,Windows
12717,Android
12718,Windows
12719,Windows
12720,macOS
12721,Android
12722,Linux
12723,macOS
12724,macOS
12725,Windows
12726,Android
12727,macOS
12728,Android
12729,Android
12730,Windows
12731,Android
12732,Windows
12733,Windows
12734,Windows
12735,Windows
12736,Windows
12737,Windows
12738,iOS
12739,Android
12740,Windows
12741,Windows
12742,Windows
12743,Android
12744,Android
12745,Windows
12746,Windows
12747,Android
12748,Windows
12749,Windows
12750,Android
12751,Windows
12752,Android
12753,Android
12754,Windows
12755,Windows
12756,Windows
12757,Windows
12758,Windows
12759,Android
12760,macOS
12761,Windows
12762,Windows
12763,Windows
12764,iOS
12765,Android
12766,Windows
12767,Windows
12768,Windows
12769,Android
12770,Windows
12771,Windows
12772,Windows
12773,Windows
12774,Android
12775,Windows
12776,Windows
12777,Android
12778,Android
12779,Windows
12780,Windows
12781,iOS
12782,Android
12783,macOS
12784,Windows
12785,macOS
12786,Android
12787,Windows
12788,Windows
12789,Android
12790,Windows
12791,Windows
12792,Windows
12793,Windows
12794,Windows
12795,Windows
12796,Windows
12797,Android
12798,Windows
12799,iOS
12800,Android
12801,Android
12802,Windows
12803,Windows
12804,Windows
12805,Android
12806,Windows
12807,Windows
12808,Windows
12809,Windows
12810,Windows
12811,Android
12812,Android
12813,Linux
12814,Android
12815,Windows
12816,Windows
12817,Windows
12818,Android
12819,Android
12820,macOS
12821,Android
12822,Windows
12823,macOS
12824,Android
12825,Windows
12826,Android
12827,Windows
12828,Android
12829,Windows
12830,Windows
12831,Windows
12832,Windows
12833,Windows
12834,Android
12835,iOS
12836,macOS
12837,Android
12838,Windows
12839,Windows
12840,Android
12841,Android
12842,Windows
12843,Windows
12844,Windows
12845,Windows
12846,Windows
12847,Windows
12848,Windows
12849,Windows
12850,Windows
12851,iOS
12852,Windows
12853,Windows
12854,macOS
12855,Android
12856,Android
12857,Android
12858,Windows
12859,Windows
12860,Windows
12861,Windows
12862,Windows
12863,Android
12864,Windows
12865,Android
12866,Windows
12867,macOS
12868,Windows
12869,Android
12870,macOS
12871,Android
12872,Windows
12873,Windows
12874,Android
12875,Windows
12876,Android
12877,Windows
12878,Windows
12879,Windows
12880,Android
12881,Android
12882,Windows
12883,Windows
12884,Windows
12885,iOS
12886,Linux
12887,iOS
12888,Windows
12889,Windows
12890,Android
12891,Windows
12892,Windows
12893,Windows
12894,Android
12895,Linux
12896,Windows
12897,Windows
12898,Android
12899,Android
12900,Windows
12901,Android
12902,Android
12903,Windows
12904,Android
12905,Windows
12906,Windows
12907,Windows
12908,Windows
12909,Windows
12910,Windows
12911,Windows
12912,Android
12913,Android
12914,Windows
12915,Windows
12916,Windows
12917,Windows
12918,Windows
12919,Windows
12920,Windows
12921,Windows
12922,Android
12923,Android
12924,Windows
12925,macOS
12926,Windows
12927,Android
12928,Android
12929,Android
12930,Android
12931,Windows
12932,Windows
12933,Windows
12934,Windows
12935,Android
12936,macOS
12937,Windows
12938,iOS
12939,Windows
12940,Android
12941,Android
12942,Windows
12943,Windows
12944,Windows
12945,Android
12946,Android
12947,macOS
12948,Windows
12949,Android
12950,Windows
12951,iOS
12952,Windows
12953,Windows
12954,Android
12955,Windows
12956,Windows
12957,Android
12958,Windows
12959,Windows
12960,Android
12961,Windows
12962,Windows
12963,Android
12964,Windows
12965,iOS
12966,Windows
12967,iOS
12968,iOS
12969,Android
12970,Windows
12971,Android
12972,macOS
12973,Android
12974,Android
12975,Android
12976,Windows
12977,Android
12978,Windows
12979,Windows
12980,macOS
12981,Windows
12982,macOS
12983,macOS
12984,Windows
12985,macOS
12986,Windows
12987,Windows
12988,Windows
12989,Windows
12990,Windows
12991,Windows
12992,Android
12993,macOS
12994,iOS
12995,Windows
12996,Windows
12997,Windows
12998,Windows
12999,Windows
13000,Windows
13001,Windows
13002,Windows
13003,Windows
13004,Android
13005,Android
13006,Windows
13007,Windows
13008,Windows
13009,Windows
13010,Windows
13011,Windows
13012,Android
13013,Windows
13014,Windows
13015,Android
13016,Windows
13017,macOS
13018,Windows
13019,Windows
13020,Android
13021,Windows
13022,Windows
13023,Windows
13024,Android
13025,Android
13026,iOS
13027,Windows
13028,Windows
13029,macOS
13030,Windows
13031,Windows
13032,macOS
13033,Windows
13034,Android
13035,macOS
13036,Windows
13037,macOS
13038,Windows
13039,Android
13040,Android
13041,Windows
13042,Windows
13043,macOS
13044,Windows
13045,Android
13046,Windows
13047,Android
13048,Android
13049,Windows
13050,Android
13051,macOS
13052,Android
13053,Windows
13054,Windows
13055,macOS
13056,Windows
13057,Android
13058,Windows
13059,Windows
13060,macOS
13061,Windows
13062,Windows
13063,Windows
13064,Windows
13065,macOS
13066,Android
13067,Windows
13068,Windows
13069,Windows
13070,macOS
13071,Windows
13072,Android
13073,Android
13074,Windows
13075,Windows
13076,Windows
13077,Windows
13078,Windows
13079,macOS
13080,macOS
13081,Windows
13082,iOS
13083,Windows
13084,Windows
13085,Windows
13086,Windows
13087,Windows
13088,Windows
13089,Android
13090,Linux
13091,Windows
13092,Windows
13093,Windows
13094,Android
13095,Windows
13096,Windows
13097,iOS
13098,Windows
13099,macOS
13100,Windows
13101,Windows
13102,Linux
13103,Windows
13104,Windows
13105,Windows
13106,Windows
13107,Android
13108,Windows
13109,Windows
13110,Android
13111,Android
13112,Windows
13113,Windows
13114,Windows
13115,Windows
13116,iOS
13117,Android
13118,Windows
13119,Windows
13120,Android
13121,Windows
13122,iOS
13123,Android
13124,Windows
13125,Android
13126,Windows
13127,Windows
13128,macOS
13129,Windows
13130,Windows
13131,macOS
13132,Windows
13133,Android
13134,Android
13135,Android
13136,Windows
13137,Android
13138,Windows
13139,iOS
13140,Windows
13141,Windows
13142,Windows
13143,Windows
13144,Android
13145,Windows
13146,Windows
13147,Windows
13148,Windows
13149,Windows
13150,macOS
13151,Windows
13152,Windows
13153,Android
13154,Windows
13155,Windows
13156,Windows
13157,macOS
13158,Windows
13159,Android
13160,Windows
13161,Windows
13162,Android
13163,Android
13164,Android
13165,macOS
13166,macOS
13167,Windows
13168,Windows
13169,Windows
13170,iOS
13171,macOS
13172,Windows
13173,Windows
13174,macOS
13175,Windows
13176,Android
13177,Windows
13178,Windows
13179,Windows
13180,Windows
13181,Android
13182,Android
13183,Windows
13184,Android
13185,Android
13186,Windows
13187,Windows
13188,iOS
13189,Windows
13190,Windows
13191,Android
13192,Windows
13193,Windows
13194,macOS
13195,Windows
13196,Windows
13197,Android
13198,Windows
13199,Windows
13200,Windows
13201,iOS
13202,Windows
13203,Linux
13204,Android
13205,Windows
13206,Android
13207,Windows
13208,Windows
13209,Windows
13210,Windows
13211,Android
13212,Linux
13213,Windows
13214,Windows
13215,Windows
13216,Windows
13217,Windows
13218,Android
13219,Windows
13220,Windows
13221,Android
13222,Windows
13223,Android
13224,Windows
13225,Windows
13226,Android
13227,Android
13228,Android
13229,Windows
13230,Windows
13231,Windows
13232,Windows
13233,Windows
13234,macOS
13235,Android
13236,Windows
13237,Android
13238,Windows
13239,Windows
13240,Windows
13241,Windows
13242,Android
13243,Android
13244,Windows
13245,Windows
13246,macOS
13247,Windows
13248,Windows
13249,Windows
13250,Windows
13251,Windows
13252,Android
13253,Windows
13254,Windows
13255,Windows
13256,Android
13257,Windows
13258,Windows
13259,Android
13260,Windows
13261,Windows
13262,Windows
13263,Windows
13264,Windows
13265,Windows
13266,Windows
13267,Android
13268,Windows
13269,Windows
13270,Windows
13271,Android
13272,Windows
13273,Windows
13274,Windows
13275,Windows
13276,Android
13277,Windows
13278,Windows
13279,Windows
13280,Windows
13281,Windows
13282,Windows
13283,Windows
13284,Windows
13285,Android
13286,Windows
13287,Windows
13288,Windows
13289,Linux
13290,Windows
13291,Windows
13292,Windows
13293,Windows
13294,Windows
13295,Windows
13296,Windows
13297,Android
13298,macOS
13299,Windows
13300,Windows
13301,Android
13302,macOS
13303,Android
13304,Windows
13305,Windows
13306,Android
13307,Windows
13308,Windows
13309,Windows
13310,Android
13311,Windows
13312,macOS
13313,Android
13314,Android
13315,Windows
13316,Windows
13317,Windows
13318,Windows
13319,Android
13320,Android
13321,Windows
13322,Windows
13323,Windows
13324,Windows
13325,iOS
13326,Windows
13327,Android
13328,Windows
13329,Windows
13330,Windows
13331,Windows
13332,Android
13333,Windows
13334,Windows
13335,macOS
13336,macOS
13337,Android
13338,Android
13339,Android
13340,Android
13341,Linux
13342,Windows
13343,Windows
13344,Windows
13345,Linux
13346,Android
13347,Windows
13348,Windows
13349,Windows
13350,Windows
13351,Windows
13352,Windows
13353,Windows
13354,Windows
13355,Windows
13356,Windows
13357,Windows
13358,macOS
13359,Windows
13360,Windows
13361,Windows
13362,Android
13363,Android
13364,iOS
13365,Android
13366,Windows
13367,Windows
13368,Windows
13369,Windows
13370,Windows
13371,Windows
13372,Windows
13373,Android
13374,Windows
13375,Windows
13376,Windows
13377,Android
13378,Windows
13379,Android
13380,Windows
13381,Windows
13382,Android
13383,macOS
13384,macOS
13385,Windows
13386,Windows
13387,Android
13388,Android
13389,Windows
13390,Windows
13391,Windows
13392,Android
13393,Windows
13394,Windows
13395,macOS
13396,Android
13397,Windows
13398,iOS
13399,Android
13400,Android
13401,Linux
13402,Windows
13403,macOS
13404,Windows
13405,Windows
13406,Android
13407,Windows
13408,Windows
13409,Android
13410,Android
13411,Android
13412,Android
13413,Windows
13414,Windows
13415,Windows
13416,Android
13417,macOS
13418,macOS
13419,Windows
13420,Android
13421,iOS
13422,Android
13423,Windows
13424,Android
13425,Windows
13426,Windows
13427,macOS
13428,Windows
13429,Windows
13430,Windows
13431,Windows
13432,Android
13433,Windows
13434,Windows
13435,Windows
13436,iOS
13437,Android
13438,Android
13439,Android
13440,Windows
13441,Windows
13442,Windows
13443,Android
13444,Android
13445,Android
13446,Android
13447,Windows
13448,Android
13449,Windows
13450,Windows
13451,Android
13452,macOS
13453,Windows
13454,Windows
13455,Android
13456,Android
13457,Windows
13458,Windows
13459,Windows
13460,Windows
13461,Windows
13462,Android
13463,Windows
13464,Windows
13465,Windows
13466,Android
13467,macOS
13468,Android
13469,Windows
13470,Windows
13471,Windows
13472,Windows
13473,Android
13474,Windows
13475,Windows
13476,Windows
13477,Android
13478,Windows
13479,Windows
13480,macOS
13481,Android
13482,Windows
13483,Windows
13484,Windows
13485,macOS
13486,Windows
13487,iOS
13488,macOS
13489,Windows
13490,Windows
13491,Windows
13492,Android
13493,Android
13494,Windows
13495,Windows
13496,Android
13497,Windows
13498,Windows
13499,macOS
13500,Windows
13501,Windows
13502,Windows
13503,Windows
13504,Android
13505,Android
13506,macOS
13507,Windows
13508,macOS
13509,Windows
13510,Android
13511,Windows
13512,Android
13513,Windows
13514,Windows
13515,Windows
13516,Windows
13517,Windows
13518,Android
13519,Windows
13520,Android
13521,Android
13522,Android
13523,Windows
13524,Windows
13525,Windows
13526,Linux
13527,Android
13528,macOS
13529,Linux
13530,Windows
13531,Windows
13532,Android
13533,Windows
13534,Android
13535,Windows
13536,Windows
13537,macOS
13538,Windows
13539,Windows
13540,Android
13541,Windows
13542,Android
13543,Windows
13544,Windows
13545,Windows
13546,Windows
13547,Android
13548,Windows
13549,Android
13550,Linux
13551,macOS
13552,Android
13553,macOS
13554,Windows
13555,Windows
13556,Android
13557,Windows
13558,Windows
13559,Windows
13560,macOS
13561,Windows
13562,Windows
13563,Windows
13564,iOS
13565,Android
13566,Android
13567,Android
13568,Windows
13569,Android
13570,Android
13571,Android
13572,Windows
13573,Windows
13574,macOS
13575,Windows
13576,Android
13577,Windows
13578,Android
13579,Android
13580,Windows
13581,macOS
13582,Windows
13583,Android
13584,Windows
13585,Windows
13586,Windows
13587,Windows
13588,iOS
13589,Windows
13590,Windows
13591,Android
13592,Android
13593,Android
13594,Windows
13595,Windows
13596,Windows
13597,Windows
13598,Windows
13599,Windows
13600,Windows
13601,Windows
13602,Windows
13603,Android
13604,Windows
13605,Android
13606,macOS
13607,Android
13608,Windows
13609,Android
13610,Android
13611,Android
13612,Android
13613,Android
13614,Android
13615,Windows
13616,Windows
13617,macOS
13618,Windows
13619,Android
13620,Android
13621,macOS
13622,Windows
13623,Linux
13624,Android
13625,Android
13626,Android
13627,Windows
13628,Windows
13629,Windows
13630,Android
13631,Windows
13632,Windows
13633,Windows
13634,Android
13635,Windows
13636,Windows
13637,Windows
13638,Android
13639,Windows
13640,Windows
13641,Windows
13642,Windows
13643,Windows
13644,Windows
13645,iOS
13646,Windows
13647,Linux
13648,iOS
13649,Android
13650,Windows
13651,Linux
13652,Windows
13653,Windows
13654,Windows
13655,Windows
13656,Windows
13657,iOS
13658,Windows
13659,Windows
13660,Windows
13661,Windows
13662,Android
13663,Android
13664,macOS
13665,Windows
13666,Windows
13667,Android
13668,Windows
13669,Android
13670,Windows
13671,Windows
13672,Windows
13673,Windows
13674,Windows
13675,Android
13676,Windows
13677,Android
13678,macOS
13679,Android
13680,Windows
13681,iOS
13682,Android
13683,Android
13684,Windows
13685,macOS
13686,Android
13687,Windows
13688,Windows
13689,iOS
13690,Windows
13691,Windows
13692,macOS
13693,Windows
13694,Android
13695,Windows
13696,Windows
13697,Android
13698,Android
13699,Windows
13700,Windows
13701,iOS
13702,Windows
13703,Windows
13704,Windows
13705,Windows
13706,Windows
13707,macOS
13708,Windows
13709,Windows
13710,Windows
13711,Windows
13712,Windows
13713,Android
13714,Windows
13715,Windows
13716,Android
13717,Windows
13718,Android
13719,Windows
13720,Windows
13721,Windows
13722,Windows
13723,Windows
13724,Windows
13725,Windows
13726,Android
13727,Windows
13728,Android
13729,Windows
13730,Windows
13731,Windows
13732,Windows
13733,Windows
13734,Windows
13735,Windows
13736,Android
13737,Windows
13738,Windows
13739,Android
13740,iOS
13741,Windows
13742,Android
13743,Windows
13744,Windows
13745,Android
13746,Windows
13747,Windows
13748,Android
13749,Windows
13750,Android
13751,Windows
13752,macOS
13753,Windows
13754,macOS
13755,Windows
13756,Windows
13757,Windows
13758,Linux
13759,Android
13760,Windows
13761,Windows
13762,Android
13763,Android
13764,Android
13765,Windows
13766,Windows
13767,Windows
13768,Windows
13769,Windows
13770,Windows
13771,Windows
13772,Android
13773,Windows
13774,Windows
13775,Android
13776,Windows
13777,Windows
13778,macOS
13779,iOS
13780,Windows
13781,Android
13782,Windows
13783,Windows
13784,macOS
13785,Windows
13786,Windows
13787,Windows
13788,macOS
13789,Windows
13790,Windows
13791,macOS
13792,Android
13793,Linux
13794,Windows
13795,Android
13796,Windows
13797,Windows
13798,Windows
13799,Android
13800,Android
13801,Windows
13802,iOS
13803,Windows
13804,Windows
13805,Windows
13806,Windows
13807,Android
13808,Windows
13809,Windows
13810,Windows
13811,Android
13812,Windows
13813,Windows
13814,Windows
13815,macOS
13816,Windows
13817,Windows
13818,Windows
13819,Windows
13820,Android
13821,Android
13822,macOS
13823,Windows
13824,iOS
13825,Android
13826,Windows
13827,Android
13828,Windows
13829,macOS
13830,Linux
13831,Android
13832,Windows
13833,Android
13834,Windows
13835,Windows
13836,Android
13837,iOS
13838,Android
13839,Android
13840,Windows
13841,macOS
13842,Android
13843,Android
13844,Android
13845,macOS
13846,Windows
13847,Android
13848,Android
13849,Windows
13850,Windows
13851,Android
13852,Windows
13853,Windows
13854,Windows
13855,iOS
13856,Windows
13857,Android
13858,Windows
13859,Windows
13860,iOS
13861,Windows
13862,Windows
13863,Android
13864,macOS
13865,Windows
13866,Windows
13867,Windows
13868,Windows
13869,Windows
13870,Android
13871,Linux
13872,iOS
13873,Windows
13874,Windows
13875,Windows
13876,macOS
13877,Windows
13878,Windows
13879,Android
13880,iOS
13881,Windows
13882,Android
13883,Windows
13884,Android
13885,iOS
13886,Windows
13887,Windows
13888,Windows
13889,Windows
13890,Windows
13891,Windows
13892,Windows
13893,Windows
13894,Windows
13895,Windows
13896,Windows
13897,Android
13898,Android
13899,Windows
13900,Windows
13901,Windows
13902,macOS
13903,Android
13904,macOS
13905,Android
13906,Windows
13907,Android
13908,Windows
13909,Android
13910,Windows
13911,Windows
13912,Android
13913,Windows
13914,Android
13915,Android
13916,macOS
13917,macOS
13918,Android
13919,Windows
13920,Android
13921,Windows
13922,Windows
13923,Windows
13924,macOS
13925,Windows
13926,Android
13927,Windows
13928,Windows
13929,Windows
13930,Android
13931,Windows
13932,Android
13933,Android
13934,iOS
13935,Windows
13936,Windows
13937,Android
13938,Android
13939,Windows
13940,iOS
13941,macOS
13942,Windows
13943,Windows
13944,Linux
13945,macOS
13946,Windows
13947,Windows
13948,macOS
13949,Windows
13950,Windows
13951,iOS
13952,Android
13953,Android
13954,Android
13955,Windows
13956,Windows
13957,iOS
13958,Windows
13959,Linux
13960,Windows
13961,Windows
13962,Windows
13963,Android
13964,Windows
13965,Android
13966,Windows
13967,Windows
13968,Windows
13969,Windows
13970,iOS
13971,Android
13972,Windows
13973,Windows
13974,Windows
13975,macOS
13976,Windows
13977,Windows
13978,Windows
13979,Android
13980,Linux
13981,Android
13982,Windows
13983,Android
13984,Windows
13985,Windows
13986,Windows
13987,Windows
13988,Windows
13989,Android
13990,Windows
13991,Windows
13992,Windows
13993,macOS
13994,Windows
13995,Windows
13996,Android
13997,Windows
13998,Android
13999,Windows
14000,macOS
14001,macOS
14002,Android
14003,Windows
14004,iOS
14005,Android
14006,Windows
14007,Windows
14008,Android
14009,iOS
14010,macOS
14011,Windows
14012,Windows
14013,Windows
14014,Windows
14015,Windows
14016,Windows
14017,Android
14018,Windows
14019,Android
14020,Windows
14021,Android
14022,Windows
14023,Android
14024,Android
14025,macOS
14026,Windows
14027,Android
14028,Windows
14029,Android
14030,Windows
14031,Windows
14032,Android
14033,Windows
14034,Android
14035,Android
14036,Android
14037,macOS
14038,macOS
14039,macOS
14040,Windows
14041,Windows
14042,macOS
14043,Windows
14044,Windows
14045,Linux
14046,Windows
14047,Windows
14048,Windows
14049,Windows
14050,Android
14051,Windows
14052,macOS
14053,Windows
14054,Android
14055,Android
14056,Windows
14057,Android
14058,Windows
14059,Android
14060,Windows
14061,Windows
14062,Windows
14063,Windows
14064,Windows
14065,Windows
14066,Windows
14067,Android
14068,Windows
14069,Windows
14070,Windows
14071,macOS
14072,Windows
14073,Windows
14074,Windows
14075,Windows
14076,Windows
14077,Windows
14078,Windows
14079,Android
14080,Windows
14081,macOS
14082,Windows
14083,Windows
14084,Windows
14085,Windows
14086,Windows
14087,Windows
14088,Android
14089,iOS
14090,Windows
14091,Windows
14092,Android
14093,Windows
14094,Android
14095,Android
14096,Windows
14097,Windows
14098,Windows
14099,Windows
14100,Windows
14101,Windows
14102,Windows
14103,Windows
14104,Android
14105,Windows
14106,Windows
14107,Windows
14108,Windows
14109,Android
14110,Windows
14111,Windows
14112,Windows
14113,Windows
14114,Windows
14115,Windows
14116,Windows
14117,Windows
14118,Windows
14119,Windows
14120,Windows
14121,Android
14122,Android
14123,Windows
14124,macOS
14125,Windows
14126,Android
14127,macOS
14128,Windows
14129,Android
14130,Linux
14131,Android
14132,Windows
14133,Windows
14134,Windows
14135,Windows
14136,Windows
14137,Windows
14138,Windows
14139,Windows
14140,Windows
14141,macOS
14142,Windows
14143,Android
14144,Android
14145,Windows
14146,Android
14147,Android
14148,Windows
14149,Windows
14150,Windows
14151,Windows
14152,Windows
14153,Windows
14154,Windows
14155,Windows
14156,Windows
14157,Windows
14158,Windows
14159,Linux
14160,iOS
14161,Android
14162,Windows
14163,Windows
14164,Android
14165,Windows
14166,Windows
14167,Windows
14168,Windows
14169,Android
14170,Windows
14171,Windows
14172,Windows
14173,Android
14174,Windows
14175,Windows
14176,Windows
14177,Windows
14178,Android
14179,Android
14180,macOS
14181,Android
14182,Android
14183,Windows
14184,Windows
14185,Android
14186,Windows
14187,Windows
14188,Windows
14189,Windows
14190,iOS
14191,Windows
14192,iOS
14193,Linux
14194,Windows
14195,Windows
14196,macOS
14197,Android
14198,Windows
14199,Windows
14200,Windows
14201,Android
14202,iOS
14203,Windows
14204,Windows
14205,Windows
14206,macOS
14207,Windows
14208,Windows
14209,Windows
14210,Windows
14211,macOS
14212,Windows
14213,Windows
14214,Windows
14215,Windows
14216,Android
14217,iOS
14218,Android
14219,Windows
14220,Windows
14221,iOS
14222,Windows
14223,macOS
14224,Android
14225,Windows
14226,macOS
14227,Windows
14228,Windows
14229,Windows
14230,Linux
14231,Android
14232,Windows
14233,Windows
14234,Windows
14235,Android
14236,Android
14237,Windows
14238,Android
14239,Windows
14240,Windows
14241,Android
14242,macOS
14243,Android
14244,Windows
14245,macOS
14246,Windows
14247,Android
14248,Android
14249,iOS
14250,Windows
14251,Android
14252,Windows
14253,iOS
14254,Windows
14255,Android
14256,Windows
14257,Windows
14258,Windows
14259,Windows
14260,Windows
14261,Windows
14262,Windows
14263,Windows
14264,Windows
14265,Windows
14266,Windows
14267,Android
14268,Windows
14269,Android
14270,Android
14271,Windows
14272,Windows
14273,Windows
14274,Android
14275,Android
14276,Windows
14277,Windows
14278,Windows
14279,Windows
14280,Windows
14281,Android
14282,Windows
14283,Windows
14284,macOS
14285,Windows
14286,Windows
14287,Android
14288,Windows
14289,iOS
14290,Windows
14291,Windows
14292,macOS
14293,Android
14294,Windows
14295,iOS
14296,Windows
14297,Windows
14298,Windows
14299,Windows
14300,Windows
14301,Android
14302,Windows
14303,Android
14304,macOS
14305,Windows
14306,Android
14307,Android
14308,Windows
14309,macOS
14310,Windows
14311,Windows
14312,Windows
14313,Android
14314,Windows
14315,Android
14316,Android
14317,Windows
14318,Android
14319,Windows
14320,Android
14321,Android
14322,Windows
14323,iOS
14324,Android
14325,Android
14326,Android
14327,Windows
14328,Windows
14329,Windows
14330,macOS
14331,Android
14332,Windows
14333,Android
14334,macOS
14335,iOS
14336,Windows
14337,Windows
14338,macOS
14339,Android
14340,Windows
14341,Android
14342,Windows
14343,Windows
14344,Windows
14345,Windows
14346,Windows
14347,Android
14348,Android
14349,Android
14350,Windows
14351,Windows
14352,Windows
14353,Android
14354,Android
14355,Android
14356,macOS
14357,Linux
14358,Windows
14359,Android
14360,Android
14361,Android
14362,Windows
14363,Android
14364,Windows
14365,Windows
14366,macOS
14367,Windows
14368,iOS
14369,Windows
14370,Windows
14371,Windows
14372,Windows
14373,Windows
14374,Android
14375,Android
14376,iOS
14377,Android
14378,Android
14379,Windows
14380,Android
14381,Windows
14382,macOS
14383,Android
14384,Android
14385,Android
14386,Windows
14387,Android
14388,Windows
14389,Windows
14390,Android
14391,Android
14392,iOS
14393,macOS
14394,Windows
14395,Android
14396,Windows
14397,Windows
14398,Windows
14399,Windows
14400,Windows
14401,Windows
14402,Android
14403,Android
14404,Android
14405,iOS
14406,Windows
14407,Windows
14408,Windows
14409,Android
14410,Android
14411,Android
14412,Android
14413,Android
14414,Android
14415,Windows
14416,Windows
14417,Windows
14418,Windows
14419,Android
14420,Windows
14421,macOS
14422,Linux
14423,Windows
14424,Android
14425,iOS
14426,Android
14427,Windows
14428,Android
14429,Windows
14430,Android
14431,macOS
14432,Windows
14433,Windows
14434,Windows
14435,Windows
14436,Android
14437,Android
14438,macOS
14439,macOS
14440,Windows
14441,Android
14442,macOS
14443,Windows
14444,Windows
14445,Windows
14446,Windows
14447,Windows
14448,Windows
14449,Windows
14450,iOS
14451,Windows
14452,Windows
14453,Windows
14454,Android
14455,Windows
14456,macOS
14457,Windows
14458,macOS
14459,Android
14460,Windows
14461,Windows
14462,macOS
14463,Android
14464,Windows
14465,macOS
14466,Windows
14467,Windows
14468,Android
14469,Windows
14470,iOS
14471,Windows
14472,Android
14473,Windows
14474,Android
14475,macOS
14476,Windows
14477,Android
14478,Windows
14479,Android
14480,macOS
14481,Windows
14482,Windows
14483,Android
14484,iOS
14485,Windows
14486,iOS
14487,Android
14488,Windows
14489,Windows
14490,Windows
14491,Windows
14492,Windows
14493,Android
14494,Windows
14495,Windows
14496,macOS
14497,Windows
14498,Windows
14499,Android
14500,Windows
14501,Windows
14502,Windows
14503,Windows
14504,Windows
14505,Windows
14506,Windows
14507,iOS
14508,Windows
14509,Android
14510,Android
14511,Android
14512,Windows
14513,Windows
14514,Windows
14515,Android
14516,Windows
14517,Android
14518,Windows
14519,Windows
14520,Windows
14521,Windows
14522,macOS
14523,Windows
14524,Windows
14525,Windows
14526,Windows
14527,Windows
14528,Android
14529,Windows
14530,macOS
14531,iOS
14532,Android
14533,Android
14534,Windows
14535,Android
14536,Android
14537,Windows
14538,Windows
14539,Android
14540,Linux
14541,Android
14542,Windows
14543,Windows
14544,Android
14545,Windows
14546,Windows
14547,Windows
14548,Windows
14549,Windows
14550,Windows
14551,Windows
14552,Windows
14553,Android
14554,Windows
14555,Windows
14556,Windows
14557,Linux
14558,Windows
14559,Windows
14560,Android
14561,Windows
14562,Windows
14563,Android
14564,Windows
14565,Windows
14566,Android
14567,Android
14568,macOS
14569,iOS
14570,Android
14571,macOS
14572,Windows
14573,macOS
14574,Windows
14575,Windows
14576,Windows
14577,Android
14578,Android
14579,Android
14580,Windows
14581,Windows
14582,Android
14583,Windows
14584,Android
14585,Windows
14586,Windows
14587,macOS
14588,Android
14589,Windows
14590,Windows
14591,Windows
14592,Windows
14593,Windows
14594,Windows
14595,Windows
14596,iOS
14597,Android
14598,Android
14599,Android
14600,Windows
14601,Windows
14602,Windows
14603,Windows
14604,Windows
14605,Windows
14606,Android
14607,macOS
14608,Android
14609,Windows
14610,Windows
14611,Android
14612,Windows
14613,Windows
14614,Windows
14615,Windows
14616,Windows
14617,Windows
14618,Windows
14619,Windows
14620,Android
14621,Windows
14622,Android
14623,Android
14624,macOS
14625,Windows
14626,Windows
14627,Android
14628,Android
14629,Android
14630,Android
14631,macOS
14632,Windows
14633,Android
14634,Windows
14635,Android
14636,Android
14637,Windows
14638,Windows
14639,Windows
14640,Android
14641,iOS
14642,Windows
14643,Windows
14644,Windows
14645,Windows
14646,Windows
14647,macOS
14648,Windows
14649,Windows
14650,Android
14651,iOS
14652,Android
14653,Android
14654,Android
14655,Android
14656,iOS
14657,Windows
14658,Windows
14659,Windows
14660,Android
14661,Windows
14662,Windows
14663,Android
14664,Windows
14665,iOS
14666,macOS
14667,Windows
14668,Windows
14669,Windows
14670,Windows
14671,Android
14672,Windows
14673,Android
14674,Android
14675,macOS
14676,Windows
14677,Android
14678,Windows
14679,Windows
14680,Windows
14681,Android
14682,Android
14683,iOS
14684,iOS
14685,macOS
14686,Android
14687,Windows
14688,Windows
14689,macOS
14690,macOS
14691,Windows
14692,iOS
14693,Windows
14694,Windows
14695,Android
14696,iOS
14697,Windows
14698,Windows
14699,Linux
14700,macOS
14701,Windows
14702,macOS
14703,Windows
14704,macOS
14705,Windows
14706,Android
14707,Windows
14708,Windows
14709,Windows
14710,Windows
14711,Windows
14712,Windows
14713,Windows
14714,Windows
14715,Linux
14716,Windows
14717,Windows
14718,macOS
14719,Windows
14720,Android
14721,Android
14722,Windows
14723,Windows
14724,macOS
14725,iOS
14726,Android
14727,Android
14728,Windows
14729,Windows
14730,Windows
14731,Android
14732,iOS
14733,Windows
14734,Android
14735,Windows
14736,Windows
14737,Windows
14738,Android
14739,iOS
14740,macOS
14741,Windows
14742,Android
14743,Windows
14744,macOS
14745,Windows
14746,Android
14747,Windows
14748,Android
14749,Android
14750,Windows
14751,Windows
14752,macOS
14753,Windows
14754,Windows
14755,Android
14756,Windows
14757,Windows
14758,Android
14759,Windows
14760,Windows
14761,Windows
14762,Windows
14763,Android
14764,Windows
14765,Windows
14766,Linux
14767,Android
14768,Windows
14769,Windows
14770,Android
14771,Windows
14772,macOS
14773,Windows
14774,Android
14775,Windows
14776,Android
14777,macOS
14778,iOS
14779,macOS
14780,Windows
14781,Android
14782,Windows
14783,Windows
14784,Windows
14785,Windows
14786,Windows
14787,Windows
14788,Windows
14789,Windows
14790,Windows
14791,Android
14792,Android
14793,Android
14794,Windows
14795,Windows
14796,Windows
14797,Android
14798,Windows
14799,Android
14800,Windows
14801,Windows
14802,Windows
14803,Windows
14804,Windows
14805,iOS
14806,Windows
14807,Android
14808,macOS
14809,Android
14810,macOS
14811,Windows
14812,Windows
14813,Windows
14814,Windows
14815,Windows
14816,Linux
14817,Android
14818,Windows
14819,Windows
14820,Android
14821,Windows
14822,Windows
14823,Windows
14824,Android
14825,Android
14826,Windows
14827,Windows
14828,Windows
14829,Windows
14830,Windows
14831,Windows
14832,macOS
14833,Windows
14834,Windows
14835,Linux
14836,Windows
14837,Windows
14838,Windows
14839,Windows
14840,Android
14841,Windows
14842,Windows
14843,Android
14844,Windows
14845,Windows
14846,Windows
14847,Windows
14848,Android
14849,Android
14850,Windows
14851,Windows
14852,Windows
14853,macOS
14854,Windows
14855,Android
14856,Windows
14857,Windows
14858,Android
14859,Android
14860,Android
14861,Android
14862,macOS
14863,macOS
14864,Linux
14865,Windows
14866,Windows
14867,Windows
14868,Windows
14869,Windows
14870,Windows
14871,Windows
14872,Android
14873,Windows
14874,Windows
14875,macOS
14876,Windows
14877,Windows
14878,Android
14879,macOS
14880,Android
14881,Windows
14882,Windows
14883,Android
14884,Windows
14885,Windows
14886,macOS
14887,macOS
14888,Android
14889,Windows
14890,Android
14891,Windows
14892,Windows
14893,iOS
14894,Windows
14895,Windows
14896,Windows
14897,Windows
14898,Windows
14899,iOS
14900,Windows
14901,Android
14902,Windows
14903,Windows
14904,Android
14905,Windows
14906,Android
14907,Windows
14908,Windows
14909,macOS
14910,Android
14911,Windows
14912,Android
14913,Android
14914,macOS
14915,Windows
14916,macOS
14917,macOS
14918,Windows
14919,iOS
14920,Windows
14921,Windows
14922,Windows
14923,macOS
14924,Windows
14925,Windows
14926,macOS
14927,Windows
14928,Android
14929,Windows
14930,Windows
14931,Android
14932,Android
14933,Android
14934,Windows
14935,Windows
14936,Windows
14937,Android
14938,Windows
14939,Android
14940,Android
14941,Android
14942,Windows
14943,Windows
14944,Windows
14945,macOS
14946,Windows
14947,macOS
14948,Windows
14949,Windows
14950,Windows
14951,Android
14952,Android
14953,Windows
14954,Android
14955,iOS
14956,Windows
14957,Android
14958,Android
14959,macOS
14960,Android
14961,Windows
14962,Windows
14963,Windows
14964,Android
14965,Windows
14966,Windows
14967,Android
14968,macOS
14969,Windows
14970,iOS
14971,macOS
14972,Windows
14973,Windows
14974,Windows
14975,Windows
14976,Windows
14977,Windows
14978,Windows
14979,Android
14980,Android
14981,Windows
14982,Windows
14983,Windows
14984,Android
14985,Windows
14986,Windows
14987,Linux
14988,Windows
14989,Windows
14990,Windows
14991,Windows
14992,Windows
14993,Windows
14994,Android
14995,Windows
14996,Windows
14997,Windows
14998,macOS
14999,Windows
15000,macOS
15001,Windows
15002,macOS
15003,Android
15004,Android
15005,iOS
15006,macOS
15007,Windows
15008,Windows
15009,macOS
15010,Windows
15011,Android
15012,Windows
15013,Android
15014,Windows
15015,Windows
15016,Windows
15017,Windows
15018,Windows
15019,Windows
15020,macOS
15021,Windows
15022,Android
15023,Windows
15024,Windows
15025,macOS
15026,Windows
15027,Windows
15028,Windows
15029,Windows
15030,Android
15031,Windows
15032,macOS
15033,Windows
15034,Windows
15035,Windows
15036,Windows
15037,Windows
15038,Windows
15039,Android
15040,Windows
15041,Windows
15042,Windows
15043,Windows
15044,Windows
15045,Android
15046,Linux
15047,macOS
15048,Windows
15049,Windows
15050,Windows
15051,Android
15052,Windows
15053,Windows
15054,Android
15055,macOS
15056,Windows
15057,Windows
15058,iOS
15059,Windows
15060,Windows
15061,Android
15062,Windows
15063,Android
15064,Windows
15065,Windows
15066,Windows
15067,macOS
15068,Windows
15069,Android
15070,Android
15071,Windows
15072,Windows
15073,Windows
15074,Android
15075,Android
15076,Windows
15077,Windows
15078,Windows
15079,Android
15080,Android
15081,Windows
15082,Windows
15083,Windows
15084,Windows
15085,Windows
15086,Linux
15087,iOS
15088,Windows
15089,Windows
15090,Windows
15091,macOS
15092,Windows
15093,Windows
15094,Android
15095,Windows
15096,Windows
15097,Windows
15098,Windows
15099,Windows
15100,Windows
15101,Windows
15102,Android
15103,Windows
15104,Windows
15105,Windows
15106,Windows
15107,macOS
15108,Windows
15109,Windows
15110,Windows
15111,Windows
15112,Android
15113,Linux
15114,macOS
15115,Android
15116,Android
15117,Windows
15118,Windows
15119,Android
15120,Windows
15121,iOS
15122,Windows
15123,Windows
15124,Android
15125,macOS
15126,Windows
15127,iOS
15128,macOS
15129,Windows
15130,Android
15131,Windows
15132,Windows
15133,macOS
15134,iOS
15135,Windows
15136,Windows
15137,Android
15138,iOS
15139,Windows
15140,Windows
15141,Windows
15142,Windows
15143,macOS
15144,Windows
15145,Windows
15146,Windows
15147,Android
15148,Windows
15149,Windows
15150,Windows
